timestamp,model,prompt_type,context,response
20250206_194709,deepseek-r1:32b,zero_shot,"Artificial intelligence is transforming industries by automating processes, providing deep insights from big data, and enhancing user experiences through personalization.","<think>
Okay, so I need to summarize that paragraph about artificial intelligence. Let me read it again carefully.

The original paragraph says that AI is changing industries by doing three main things: automating processes, getting deep insights from big data, and making user experiences more personalized. So, the key points are automation, insights from data, and personalization in user experience.

I need to condense this into one sentence. Maybe I can start with ""Artificial intelligence is transforming industries by..."" Then list those three things briefly. But how concise can I make it without losing meaning?

""Automating processes"" could be ""streamlining operations."" Instead of saying ""providing deep insights from big data,"" maybe just ""analyzing large datasets"" or ""leveraging big data."" For the user experience part, perhaps ""through personalization.""

Putting it all together: ""Artificial intelligence is transforming industries by streamlining operations, analyzing big data for insights, and enhancing user experiences through personalization."" Hmm, that's a bit long. Maybe I can make it more concise.

Alternatively, using synonyms or restructuring: ""AI revolutionizes sectors via automation, data insights, and personalized user interactions."" But the original task was to summarize in one sentence without changing much from the given example.

Wait, looking at the example provided by the user, they have a specific structure. Maybe I should follow that style closely.

So, the summary starts with ""Artificial intelligence is transforming industries by..."" then lists the three points concisely. The example uses ""streamlining operations,"" which is better than ""automating processes"" because it's more concise and perhaps sounds smoother.

For the data part, instead of ""providing deep insights from big data,"" maybe just ""leveraging big data for insights."" Or to keep it as in the example: ""analyzing vast amounts of data.""

And for personalization, the example uses ""enhancing user experiences through personalization."" So putting it all together: ""Artificial intelligence is transforming industries by streamlining operations, analyzing vast amounts of data for deep insights, and enhancing user experiences through personalization.""

That seems to capture all three points in a single sentence without being too wordy. I think that's a good summary.
</think>

Artificial intelligence is transforming industries by streamlining operations, analyzing vast amounts of data for deep insights, and enhancing user experiences through personalization."
20250206_194709,deepseek-r1:32b,few_shot,"Artificial intelligence is transforming industries by automating processes, providing deep insights from big data, and enhancing user experiences through personalization.","<think>
Okay, so the user has given me a task to summarize a paragraph into one sentence. They provided examples which I should follow. Let's see, the original paragraph is about AI transforming industries through automation, insights from big data, and personalized user experiences.

Hmm, in the first example, they condensed ""The cat sat on the windowsill, watching birds fly by"" into ""The cat watched birds from the windowsill."" They removed some words but kept the core action. The second example took a longer sentence and shortened it without losing the main points.

So for the AI paragraph, I need to capture all three key points: automation of processes, deep insights from big data, and enhancing user experiences with personalization. Maybe start by saying AI is transforming industries, then list those three aspects concisely.

Wait, can I combine ""automation"" and ""processes""? Perhaps say ""automating processes."" Then, instead of saying ""providing deep insights,"" maybe just ""uncovering big data insights."" For the last part, ""enhancing user experiences through personalization"" could be simplified to ""personalized user experiences.""

Putting it together: AI transforms industries via automation, big data insights, and personalized user experiences. That should cover all the key points in a single sentence.
</think>

Artificial intelligence is transforming industries by automating processes, uncovering deep insights from big data, and delivering personalized user experiences."
20250206_194709,deepseek-r1:32b,chain_of_thought,"Artificial intelligence is transforming industries by automating processes, providing deep insights from big data, and enhancing user experiences through personalization.","<think>
Okay, so I have this query where the user wants me to summarize a paragraph in one sentence. They provided an example with ""Artificial intelligence is transforming industries..."" and the summary was ""Artificial intelligence revolutionizes industries by automating processes, leveraging big data insights, and personalizing user experiences."" 

Hmm, let me break this down. The key points here are AI's impact on various industries through automation, big data analysis, and personalization of user experiences. I need to make sure my summary includes all these elements without getting too wordy.

Wait, the user also mentioned a step-by-step reasoning process. They want me to first identify the key points and then combine them into a concise sentence. So in my thinking process, I should acknowledge that step as well.

I think starting with ""Artificial intelligence is transforming industries"" captures the main subject. Then listing the methods: automating processes, providing deep insights from big data, enhancing user experiences through personalization. But to make it more concise, maybe use synonyms like ""revolutionizes"" instead of ""transforming,"" and ""leveraging"" for ""providing deep insights."" 

Putting it all together, I should ensure the sentence flows well and includes all three key aspects without being too lengthy. Let me check if each part is covered: automation, big data insights, personalization. Yep, that's all there.

I also need to make sure the summary doesn't add any new information not present in the original paragraph. So sticking strictly to what's given. Alright, I think I've got it.
</think>

Artificial intelligence revolutionizes industries by automating processes, leveraging big data insights, and personalizing user experiences."
20250206_204608,deepseek-r1:32b,zero_shot,"Artificial intelligence (AI) is revolutionizing the way we interact with technology, enabling machines to perform tasks that typically require human intelligence, such as problem-solving, decision-making, and language understanding. From automating repetitive processes to analyzing vast amounts of data for actionable insights, AI is driving efficiency and innovation across industries like healthcare, finance, transportation, and entertainment. It powers personalized recommendations, virtual assistants, and predictive analytics, enhancing user experiences and business outcomes. However, as AI continues to advance, it also brings challenges related to data privacy, security, and ethical concerns around bias and accountability, necessitating thoughtful regulation and responsible development.","<think>
Okay, I need to summarize this paragraph about artificial intelligence in one sentence. Let me read through the original text carefully.

The paragraph starts by explaining that AI is revolutionizing technology interactions, allowing machines to perform tasks needing human intelligence like problem-solving and language understanding. It mentions applications in various industries such as healthcare and finance, giving examples like personalized recommendations and virtual assistants. However, it also points out challenges related to privacy, security, bias, and the need for regulation.

So, I should include the transformative impact of AI across different sectors, mention some key benefits, and also touch on the challenges involved. Need to keep it concise but comprehensive enough in one sentence.
</think>

Artificial intelligence is transforming industries by enabling advanced tasks like problem-solving and personalized recommendations while facing challenges such as privacy and bias."
20250206_204608,deepseek-r1:32b,few_shot,"Artificial intelligence (AI) is revolutionizing the way we interact with technology, enabling machines to perform tasks that typically require human intelligence, such as problem-solving, decision-making, and language understanding. From automating repetitive processes to analyzing vast amounts of data for actionable insights, AI is driving efficiency and innovation across industries like healthcare, finance, transportation, and entertainment. It powers personalized recommendations, virtual assistants, and predictive analytics, enhancing user experiences and business outcomes. However, as AI continues to advance, it also brings challenges related to data privacy, security, and ethical concerns around bias and accountability, necessitating thoughtful regulation and responsible development.","<think>
Okay, I need to summarize the given paragraph about artificial intelligence in one sentence. Let me read through it again to understand all the key points.

The paragraph starts by saying AI is revolutionizing how we interact with technology, allowing machines to do tasks that usually require human intelligence like problem-solving, decision-making, and understanding language. That's a big point—AI is making tech more advanced in areas where humans used to dominate.

Then it mentions specific applications: automating repetitive processes and analyzing large data for insights. This shows AI's versatility across different sectors such as healthcare, finance, transportation, and entertainment. So AI isn't just one thing; it's impacting many industries.

The paragraph also talks about how AI powers personalized recommendations, virtual assistants, and predictive analytics, which improve user experiences and business results. These are examples of real-world applications that make AI useful and beneficial for everyday use.

However, there's a flip side: as AI grows, it brings challenges like data privacy issues, security risks, and ethical concerns regarding bias and accountability. This means while AI is powerful, it also poses problems that need addressing.

Finally, the paragraph suggests that thoughtful regulation and responsible development are necessary to handle these challenges. So, AI needs proper oversight to ensure it's used ethically and safely.

Putting this all together, I should capture the main idea: AI is transforming technology by enabling human-like tasks across various industries, but it also brings significant challenges that require careful management.

I need to make sure my summary includes both the positive impacts of AI and the associated challenges. Let me try a draft:

""Artificial intelligence (AI) is revolutionizing technology by performing human-like tasks across multiple sectors while facing challenges in privacy, security, bias, and accountability.""

Hmm, this covers the transformation aspect, mentions the tasks AI can do, specifies the sectors, and touches on the challenges. It seems concise but might be a bit long. Let me check if I can make it more succinct.

Perhaps: ""AI transforms technology by enabling human-like tasks across industries while raising privacy, security, bias, and accountability issues.""

Yes, this is shorter and still includes all key points. It mentions AI's transformative role, the sectors affected, and the challenges involved without unnecessary details.
</think>

AI transforms technology by enabling human-like tasks across industries while raising privacy, security, bias, and accountability issues."
20250206_204608,deepseek-r1:32b,cot,"Artificial intelligence (AI) is revolutionizing the way we interact with technology, enabling machines to perform tasks that typically require human intelligence, such as problem-solving, decision-making, and language understanding. From automating repetitive processes to analyzing vast amounts of data for actionable insights, AI is driving efficiency and innovation across industries like healthcare, finance, transportation, and entertainment. It powers personalized recommendations, virtual assistants, and predictive analytics, enhancing user experiences and business outcomes. However, as AI continues to advance, it also brings challenges related to data privacy, security, and ethical concerns around bias and accountability, necessitating thoughtful regulation and responsible development.","<think>
Okay, so I need to summarize this paragraph about AI into one sentence. Let's break it down step by step. First, I'll read through the paragraph again to understand all the main ideas.

The paragraph starts by saying that AI is revolutionizing how we interact with technology. It enables machines to do tasks that usually require human intelligence, like problem-solving and language understanding. Then it mentions specific applications such as automating processes, analyzing data for insights across various industries like healthcare, finance, etc. Examples include personalized recommendations, virtual assistants, and predictive analytics, which enhance user experiences and business outcomes.

But then it also talks about challenges: data privacy, security issues, ethical concerns around bias and accountability. It ends by saying that these challenges require thoughtful regulation and responsible development.

So the key points are:
1. AI is transforming technology use.
2. It allows machines to perform tasks needing human intelligence.
3. Applications include automation, data analysis across industries, leading to better efficiency and innovation.
4. Examples like personalized recommendations, virtual assistants, predictive analytics improve user experience and business results.
5. Challenges: data privacy, security, ethical issues (bias, accountability).
6. Need for regulation and responsible development.

Now, I need to combine these into one concise sentence. Let me try to structure it logically:

AI is transforming technology by enabling machines to perform human-like tasks across industries, improving efficiency and innovation through applications like automation and predictive analytics, while also posing challenges related to privacy, security, and ethics that require careful regulation and responsible development.

Wait, that seems a bit long. Maybe I can make it more concise without losing key points. Let me see:

""AI is revolutionizing technology by enabling machines to perform human-like tasks across industries, improving efficiency and innovation through applications like automation and predictive analytics, while also raising challenges related to privacy, security, and ethics requiring careful regulation.""

Does that cover all the main points? It mentions AI's transformative effect, the tasks it enables, its applications in various fields leading to efficiency and innovation, and the challenges with the need for regulation. I think that captures the essence.

Alternatively, maybe I can make it even more concise:

""AI is transforming technology by enabling human-like tasks across industries, enhancing efficiency and innovation through automation and analytics, while facing privacy, security, and ethical challenges needing regulation.""

Yes, this version is shorter but still includes all key points. It starts with AI's impact on technology, what it enables machines to do, the benefits in terms of efficiency and innovation via specific applications, and then addresses the challenges with the need for regulation.
</think>

AI transforms industries by enabling human-like tasks through automation and analytics, enhancing efficiency while addressing privacy, security, and ethical challenges requiring regulation."
20250206_204608,llama3.1:8b,zero_shot,"Artificial intelligence (AI) is revolutionizing the way we interact with technology, enabling machines to perform tasks that typically require human intelligence, such as problem-solving, decision-making, and language understanding. From automating repetitive processes to analyzing vast amounts of data for actionable insights, AI is driving efficiency and innovation across industries like healthcare, finance, transportation, and entertainment. It powers personalized recommendations, virtual assistants, and predictive analytics, enhancing user experiences and business outcomes. However, as AI continues to advance, it also brings challenges related to data privacy, security, and ethical concerns around bias and accountability, necessitating thoughtful regulation and responsible development.","Artificial intelligence is transforming various industries by enabling machines to perform complex tasks, but its rapid advancement also raises concerns about data privacy, security, and ethics."
20250206_204608,llama3.1:8b,few_shot,"Artificial intelligence (AI) is revolutionizing the way we interact with technology, enabling machines to perform tasks that typically require human intelligence, such as problem-solving, decision-making, and language understanding. From automating repetitive processes to analyzing vast amounts of data for actionable insights, AI is driving efficiency and innovation across industries like healthcare, finance, transportation, and entertainment. It powers personalized recommendations, virtual assistants, and predictive analytics, enhancing user experiences and business outcomes. However, as AI continues to advance, it also brings challenges related to data privacy, security, and ethical concerns around bias and accountability, necessitating thoughtful regulation and responsible development.","Here is a one-sentence summary of the paragraphs:

Artificial intelligence (AI) is transforming industries by automating tasks, improving efficiency and innovation, but also raises challenges related to data privacy, security, and ethics."
20250206_204608,llama3.1:8b,cot,"Artificial intelligence (AI) is revolutionizing the way we interact with technology, enabling machines to perform tasks that typically require human intelligence, such as problem-solving, decision-making, and language understanding. From automating repetitive processes to analyzing vast amounts of data for actionable insights, AI is driving efficiency and innovation across industries like healthcare, finance, transportation, and entertainment. It powers personalized recommendations, virtual assistants, and predictive analytics, enhancing user experiences and business outcomes. However, as AI continues to advance, it also brings challenges related to data privacy, security, and ethical concerns around bias and accountability, necessitating thoughtful regulation and responsible development.","Here is the summary of the paragraph in one sentence:

Artificial intelligence (AI) is transforming various industries by driving efficiency and innovation through tasks such as problem-solving, decision-making, and language understanding, but also raises concerns about data privacy, security, and ethics that require careful regulation."
